timestamp_utc,fecha,hora,minuto,parque,atraccion,atraccion_id,estado,tipo_cola,espera_min,hora_retorno,precio,fuente
2026-08-03T22:01:21Z,2026-08-04,0,1,Disneyland Park,Adventure Isle,2702,CLOSED,STANDBY,0,,,queue-times.com
2026-08-03T22:01:21Z,2026-08-04,0,1,Disneyland Park,Indiana Jones and the Temple of Peril Single Rider,7306,CLOSED,STANDBY,0,,,queue-times.com
2026-08-03T22:01:21Z,2026-08-04,0,1,Disneyland Park,Indiana Jones™ and the Temple of Peril,2,CLOSED,STANDBY,0,,,queue-times.com
2026-08-03T22:01:21Z,2026-08-04,0,1,Disneyland Park,La Cabane des Robinson,1,CLOSED,STANDBY,0,,,queue-times.com
2026-08-03T22:01:21Z,2026-08-04,0,1,Disneyland Park,Le Passage Enchanté d'Aladdin,2703,CLOSED,STANDBY,0,,,queue-times.com
2026-08-03T22:01:21Z,2026-08-04,0,1,Disneyland Park,Pirate Galleon,2705,CLOSED,STANDBY,0,,,queue-times.com
2026-08-03T22:01:21Z,2026-08-04,0,1,Disneyland Park,Pirates of the Caribbean,3,CLOSED,STANDBY,0,,,queue-times.com
2026-08-03T22:01:21Z,2026-08-04,0,1,Disneyland Park,Pirates' Beach,2704,CLOSED,STANDBY,0,,,queue-times.com
2026-08-03T22:01:21Z,2026-08-04,0,1,Disneyland Park,"Autopia, presented by Avis",4,CLOSED,STANDBY,0,,,queue-times.com
2026-08-03T22:01:21Z,2026-08-04,0,1,Disneyland Park,Buzz Lightyear Laser Blast,5,CLOSED,STANDBY,0,,,queue-times.com
2026-08-03T22:01:21Z,2026-08-04,0,1,Disneyland Park,Disneyland Railroad Discoveryland Station,2706,CLOSED,STANDBY,0,,,queue-times.com
2026-08-03T22:01:21Z,2026-08-04,0,1,Disneyland Park,Les Mystères du Nautilus,6,CLOSED,STANDBY,0,,,queue-times.com
2026-08-03T22:01:21Z,2026-08-04,0,1,Disneyland Park,Mickey’s PhilharMagic,2707,CLOSED,STANDBY,0,,,queue-times.com
2026-08-03T22:01:21Z,2026-08-04,0,1,Disneyland Park,Orbitron®,7,CLOSED,STANDBY,0,,,queue-times.com
2026-08-03T22:01:21Z,2026-08-04,0,1,Disneyland Park,Star Tours: The Adventures Continue*,9,CLOSED,STANDBY,0,,,queue-times.com
2026-08-03T22:01:21Z,2026-08-04,0,1,Disneyland Park,Star Wars Hyperspace Mountain,8,CLOSED,STANDBY,0,,,queue-times.com
2026-08-03T22:01:21Z,2026-08-04,0,1,Disneyland Park,Star Wars Hyperspace Mountain Single Rider,7278,CLOSED,STANDBY,0,,,queue-times.com
2026-08-03T22:01:21Z,2026-08-04,0,1,Disneyland Park,Welcome to Starport: A Star Wars Encounter,4573,CLOSED,STANDBY,0,,,queue-times.com
2026-08-03T22:01:21Z,2026-08-04,0,1,Disneyland Park,"""it's a small world""",19,CLOSED,STANDBY,0,,,queue-times.com
2026-08-03T22:01:21Z,2026-08-04,0,1,Disneyland Park,Alice's Curious Labyrinth,14,CLOSED,STANDBY,0,,,queue-times.com
2026-08-03T22:01:21Z,2026-08-04,0,1,Disneyland Park,Blanche-Neige et les Sept Nains®,15,CLOSED,STANDBY,0,,,queue-times.com
2026-08-03T22:01:21Z,2026-08-04,0,1,Disneyland Park,Casey Jr. – le Petit Train du Cirque,17,CLOSED,STANDBY,0,,,queue-times.com
2026-08-03T22:01:21Z,2026-08-04,0,1,Disneyland Park,Disneyland Railroad Fantasyland Station,2711,CLOSED,STANDBY,0,,,queue-times.com
2026-08-03T22:01:21Z,2026-08-04,0,1,Disneyland Park,Disneyland Railroad Main Street Station,11,CLOSED,STANDBY,0,,,queue-times.com
2026-08-03T22:01:21Z,2026-08-04,0,1,Disneyland Park,Dumbo the Flying Elephant,18,CLOSED,STANDBY,0,,,queue-times.com
2026-08-03T22:01:21Z,2026-08-04,0,1,Disneyland Park,La Tanière du Dragon,2710,CLOSED,STANDBY,0,,,queue-times.com
2026-08-03T22:01:21Z,2026-08-04,0,1,Disneyland Park,Le Carrousel de Lancelot,16,CLOSED,STANDBY,0,,,queue-times.com
2026-08-03T22:01:21Z,2026-08-04,0,1,Disneyland Park,"Le Pays des Contes de Fées, presented by Vittel",21,CLOSED,STANDBY,0,,,queue-times.com
2026-08-03T22:01:21Z,2026-08-04,0,1,Disneyland Park,Les Voyages de Pinocchio,23,CLOSED,STANDBY,0,,,queue-times.com
2026-08-03T22:01:21Z,2026-08-04,0,1,Disneyland Park,Mad Hatter's Tea Cups,20,CLOSED,STANDBY,0,,,queue-times.com
2026-08-03T22:01:21Z,2026-08-04,0,1,Disneyland Park,Meet Mickey Mouse,13,CLOSED,STANDBY,0,,,queue-times.com
2026-08-03T22:01:21Z,2026-08-04,0,1,Disneyland Park,Peter Pan's Flight,22,CLOSED,STANDBY,0,,,queue-times.com
2026-08-03T22:01:21Z,2026-08-04,0,1,Disneyland Park,Princess Pavilion,24,CLOSED,STANDBY,0,,,queue-times.com
2026-08-03T22:01:21Z,2026-08-04,0,1,Disneyland Park,Big Thunder Mountain,25,CLOSED,STANDBY,0,,,queue-times.com
2026-08-03T22:01:21Z,2026-08-04,0,1,Disneyland Park,Disneyland Railroad Frontierland Depot,2714,CLOSED,STANDBY,0,,,queue-times.com
2026-08-03T22:01:21Z,2026-08-04,0,1,Disneyland Park,Frontierland Playground,2713,CLOSED,STANDBY,0,,,queue-times.com
2026-08-03T22:01:21Z,2026-08-04,0,1,Disneyland Park,Phantom Manor,26,CLOSED,STANDBY,0,,,queue-times.com
2026-08-03T22:01:21Z,2026-08-04,0,1,Disneyland Park,River Rogue Keelboats,27,CLOSED,STANDBY,0,,,queue-times.com
2026-08-03T22:01:21Z,2026-08-04,0,1,Disneyland Park,Rustler Roundup Shootin' Gallery,2712,CLOSED,STANDBY,0,,,queue-times.com
2026-08-03T22:01:21Z,2026-08-04,0,1,Disneyland Park,Thunder Mesa Riverboat Landing,28,CLOSED,STANDBY,0,,,queue-times.com
2026-08-03T22:01:21Z,2026-08-04,0,1,Disneyland Park,Disneyland Railroad Main Street Station,2708,CLOSED,STANDBY,0,,,queue-times.com
2026-08-03T22:01:21Z,2026-08-04,0,1,Disneyland Park,Main Street Vehicles,12,CLOSED,STANDBY,0,,,queue-times.com
2026-08-03T22:01:21Z,2026-08-04,0,1,Disney Adventure World,Avengers Assemble: Flight Force,10848,CLOSED,STANDBY,0,,,queue-times.com
2026-08-03T22:01:21Z,2026-08-04,0,1,Disney Adventure World,Avengers Assemble: Flight Force Single Rider,10849,CLOSED,STANDBY,0,,,queue-times.com
2026-08-03T22:01:21Z,2026-08-04,0,1,Disney Adventure World,Spider-Man W.E.B. Adventure,10845,CLOSED,STANDBY,0,,,queue-times.com
2026-08-03T22:01:21Z,2026-08-04,0,1,Disney Adventure World,Spider-Man W.E.B. Adventure Single Rider,10846,CLOSED,STANDBY,0,,,queue-times.com
2026-08-03T22:01:21Z,2026-08-04,0,1,Disney Adventure World,The Twilight Zone Tower of Terror,40,CLOSED,STANDBY,0,,,queue-times.com
2026-08-03T22:01:21Z,2026-08-04,0,1,Disney Adventure World,Cars Quatre Roues Rallye,31,CLOSED,STANDBY,0,,,queue-times.com
2026-08-03T22:01:21Z,2026-08-04,0,1,Disney Adventure World,Cars ROAD TRIP,29,CLOSED,STANDBY,0,,,queue-times.com
2026-08-03T22:01:21Z,2026-08-04,0,1,Disney Adventure World,Crush's Coaster,32,CLOSED,STANDBY,0,,,queue-times.com
2026-08-03T22:01:21Z,2026-08-04,0,1,Disney Adventure World,Crush's Coaster Single Rider,7277,CLOSED,STANDBY,0,,,queue-times.com
2026-08-03T22:01:21Z,2026-08-04,0,1,Disney Adventure World,Les Tapis Volants - Flying Carpets Over Agrabah®,33,CLOSED,STANDBY,0,,,queue-times.com
2026-08-03T22:01:21Z,2026-08-04,0,1,Disney Adventure World,Ratatouille : L’Aventure Totalement Toquée de Rémy​,37,CLOSED,STANDBY,0,,,queue-times.com
2026-08-03T22:01:21Z,2026-08-04,0,1,Disney Adventure World,Ratatouille: The Adventure Single Rider,7279,CLOSED,STANDBY,0,,,queue-times.com
2026-08-03T22:01:21Z,2026-08-04,0,1,Disney Adventure World,RC Racer,34,CLOSED,STANDBY,0,,,queue-times.com
2026-08-03T22:01:21Z,2026-08-04,0,1,Disney Adventure World,RC Racer Single Rider,7280,CLOSED,STANDBY,0,,,queue-times.com
2026-08-03T22:01:21Z,2026-08-04,0,1,Disney Adventure World,Slinky® Dog Zigzag Spin,36,CLOSED,STANDBY,0,,,queue-times.com
2026-08-03T22:01:21Z,2026-08-04,0,1,Disney Adventure World,Toy Soldiers Parachute Drop,35,CLOSED,STANDBY,0,,,queue-times.com
2026-08-03T22:01:21Z,2026-08-04,0,1,Disney Adventure World,Toy Soldiers Parachute Drop Single Rider,7281,CLOSED,STANDBY,0,,,queue-times.com
2026-08-03T22:01:21Z,2026-08-04,0,1,Disney Adventure World,Entry to World of Frozen,16247,CLOSED,STANDBY,0,,,queue-times.com
2026-08-03T22:01:21Z,2026-08-04,0,1,Disney Adventure World,Frozen Ever After,15413,CLOSED,STANDBY,0,,,queue-times.com
2026-08-03T22:01:21Z,2026-08-04,0,1,Disney Adventure World,Raiponce Tangled Spin,15415,CLOSED,STANDBY,0,,,queue-times.com
2026-08-03T22:14:59Z,2026-08-04,0,14,Disneyland Park,Adventure Isle,2702,CLOSED,STANDBY,0,,,queue-times.com
2026-08-03T22:14:59Z,2026-08-04,0,14,Disneyland Park,Indiana Jones and the Temple of Peril Single Rider,7306,CLOSED,STANDBY,0,,,queue-times.com
2026-08-03T22:14:59Z,2026-08-04,0,14,Disneyland Park,Indiana Jones™ and the Temple of Peril,2,CLOSED,STANDBY,0,,,queue-times.com
2026-08-03T22:14:59Z,2026-08-04,0,14,Disneyland Park,La Cabane des Robinson,1,CLOSED,STANDBY,0,,,queue-times.com
2026-08-03T22:14:59Z,2026-08-04,0,14,Disneyland Park,Le Passage Enchanté d'Aladdin,2703,CLOSED,STANDBY,0,,,queue-times.com
2026-08-03T22:14:59Z,2026-08-04,0,14,Disneyland Park,Pirate Galleon,2705,CLOSED,STANDBY,0,,,queue-times.com
2026-08-03T22:14:59Z,2026-08-04,0,14,Disneyland Park,Pirates of the Caribbean,3,CLOSED,STANDBY,0,,,queue-times.com
2026-08-03T22:14:59Z,2026-08-04,0,14,Disneyland Park,Pirates' Beach,2704,CLOSED,STANDBY,0,,,queue-times.com
2026-08-03T22:14:59Z,2026-08-04,0,14,Disneyland Park,"Autopia, presented by Avis",4,CLOSED,STANDBY,0,,,queue-times.com
2026-08-03T22:14:59Z,2026-08-04,0,14,Disneyland Park,Buzz Lightyear Laser Blast,5,CLOSED,STANDBY,0,,,queue-times.com
2026-08-03T22:14:59Z,2026-08-04,0,14,Disneyland Park,Disneyland Railroad Discoveryland Station,2706,CLOSED,STANDBY,0,,,queue-times.com
2026-08-03T22:14:59Z,2026-08-04,0,14,Disneyland Park,Les Mystères du Nautilus,6,CLOSED,STANDBY,0,,,queue-times.com
2026-08-03T22:14:59Z,2026-08-04,0,14,Disneyland Park,Mickey’s PhilharMagic,2707,CLOSED,STANDBY,0,,,queue-times.com
2026-08-03T22:14:59Z,2026-08-04,0,14,Disneyland Park,Orbitron®,7,CLOSED,STANDBY,0,,,queue-times.com
2026-08-03T22:14:59Z,2026-08-04,0,14,Disneyland Park,Star Tours: The Adventures Continue*,9,CLOSED,STANDBY,0,,,queue-times.com
2026-08-03T22:14:59Z,2026-08-04,0,14,Disneyland Park,Star Wars Hyperspace Mountain,8,CLOSED,STANDBY,0,,,queue-times.com
2026-08-03T22:14:59Z,2026-08-04,0,14,Disneyland Park,Star Wars Hyperspace Mountain Single Rider,7278,CLOSED,STANDBY,0,,,queue-times.com
2026-08-03T22:14:59Z,2026-08-04,0,14,Disneyland Park,Welcome to Starport: A Star Wars Encounter,4573,CLOSED,STANDBY,0,,,queue-times.com
2026-08-03T22:14:59Z,2026-08-04,0,14,Disneyland Park,"""it's a small world""",19,CLOSED,STANDBY,0,,,queue-times.com
2026-08-03T22:14:59Z,2026-08-04,0,14,Disneyland Park,Alice's Curious Labyrinth,14,CLOSED,STANDBY,0,,,queue-times.com
2026-08-03T22:14:59Z,2026-08-04,0,14,Disneyland Park,Blanche-Neige et les Sept Nains®,15,CLOSED,STANDBY,0,,,queue-times.com
2026-08-03T22:14:59Z,2026-08-04,0,14,Disneyland Park,Casey Jr. – le Petit Train du Cirque,17,CLOSED,STANDBY,0,,,queue-times.com
2026-08-03T22:14:59Z,2026-08-04,0,14,Disneyland Park,Disneyland Railroad Fantasyland Station,2711,CLOSED,STANDBY,0,,,queue-times.com
2026-08-03T22:14:59Z,2026-08-04,0,14,Disneyland Park,Disneyland Railroad Main Street Station,11,CLOSED,STANDBY,0,,,queue-times.com
2026-08-03T22:14:59Z,2026-08-04,0,14,Disneyland Park,Dumbo the Flying Elephant,18,CLOSED,STANDBY,0,,,queue-times.com
2026-08-03T22:14:59Z,2026-08-04,0,14,Disneyland Park,La Tanière du Dragon,2710,CLOSED,STANDBY,0,,,queue-times.com
2026-08-03T22:14:59Z,2026-08-04,0,14,Disneyland Park,Le Carrousel de Lancelot,16,CLOSED,STANDBY,0,,,queue-times.com
2026-08-03T22:14:59Z,2026-08-04,0,14,Disneyland Park,"Le Pays des Contes de Fées, presented by Vittel",21,CLOSED,STANDBY,0,,,queue-times.com
2026-08-03T22:14:59Z,2026-08-04,0,14,Disneyland Park,Les Voyages de Pinocchio,23,CLOSED,STANDBY,0,,,queue-times.com
2026-08-03T22:14:59Z,2026-08-04,0,14,Disneyland Park,Mad Hatter's Tea Cups,20,CLOSED,STANDBY,0,,,queue-times.com
2026-08-03T22:14:59Z,2026-08-04,0,14,Disneyland Park,Meet Mickey Mouse,13,CLOSED,STANDBY,0,,,queue-times.com
2026-08-03T22:14:59Z,2026-08-04,0,14,Disneyland Park,Peter Pan's Flight,22,CLOSED,STANDBY,0,,,queue-times.com
2026-08-03T22:14:59Z,2026-08-04,0,14,Disneyland Park,Princess Pavilion,24,CLOSED,STANDBY,0,,,queue-times.com
2026-08-03T22:14:59Z,2026-08-04,0,14,Disneyland Park,Big Thunder Mountain,25,CLOSED,STANDBY,0,,,queue-times.com
2026-08-03T22:14:59Z,2026-08-04,0,14,Disneyland Park,Disneyland Railroad Frontierland Depot,2714,CLOSED,STANDBY,0,,,queue-times.com
2026-08-03T22:14:59Z,2026-08-04,0,14,Disneyland Park,Frontierland Playground,2713,CLOSED,STANDBY,0,,,queue-times.com
2026-08-03T22:14:59Z,2026-08-04,0,14,Disneyland Park,Phantom Manor,26,CLOSED,STANDBY,0,,,queue-times.com
2026-08-03T22:14:59Z,2026-08-04,0,14,Disneyland Park,River Rogue Keelboats,27,CLOSED,STANDBY,0,,,queue-times.com
2026-08-03T22:14:59Z,2026-08-04,0,14,Disneyland Park,Rustler Roundup Shootin' Gallery,2712,CLOSED,STANDBY,0,,,queue-times.com
2026-08-03T22:14:59Z,2026-08-04,0,14,Disneyland Park,Thunder Mesa Riverboat Landing,28,CLOSED,STANDBY,0,,,queue-times.com
2026-08-03T22:14:59Z,2026-08-04,0,14,Disneyland Park,Disneyland Railroad Main Street Station,2708,CLOSED,STANDBY,0,,,queue-times.com
2026-08-03T22:14:59Z,2026-08-04,0,14,Disneyland Park,Main Street Vehicles,12,CLOSED,STANDBY,0,,,queue-times.com
2026-08-03T22:14:59Z,2026-08-04,0,14,Disney Adventure World,Avengers Assemble: Flight Force,10848,CLOSED,STANDBY,0,,,queue-times.com
2026-08-03T22:14:59Z,2026-08-04,0,14,Disney Adventure World,Avengers Assemble: Flight Force Single Rider,10849,CLOSED,STANDBY,0,,,queue-times.com
2026-08-03T22:14:59Z,2026-08-04,0,14,Disney Adventure World,Spider-Man W.E.B. Adventure,10845,CLOSED,STANDBY,0,,,queue-times.com
2026-08-03T22:14:59Z,2026-08-04,0,14,Disney Adventure World,Spider-Man W.E.B. Adventure Single Rider,10846,CLOSED,STANDBY,0,,,queue-times.com
2026-08-03T22:14:59Z,2026-08-04,0,14,Disney Adventure World,The Twilight Zone Tower of Terror,40,CLOSED,STANDBY,0,,,queue-times.com
2026-08-03T22:14:59Z,2026-08-04,0,14,Disney Adventure World,Cars Quatre Roues Rallye,31,CLOSED,STANDBY,0,,,queue-times.com
2026-08-03T22:14:59Z,2026-08-04,0,14,Disney Adventure World,Cars ROAD TRIP,29,CLOSED,STANDBY,0,,,queue-times.com
2026-08-03T22:14:59Z,2026-08-04,0,14,Disney Adventure World,Crush's Coaster,32,CLOSED,STANDBY,0,,,queue-times.com
2026-08-03T22:14:59Z,2026-08-04,0,14,Disney Adventure World,Crush's Coaster Single Rider,7277,CLOSED,STANDBY,0,,,queue-times.com
2026-08-03T22:14:59Z,2026-08-04,0,14,Disney Adventure World,Les Tapis Volants - Flying Carpets Over Agrabah®,33,CLOSED,STANDBY,0,,,queue-times.com
2026-08-03T22:14:59Z,2026-08-04,0,14,Disney Adventure World,Ratatouille : L’Aventure Totalement Toquée de Rémy​,37,CLOSED,STANDBY,0,,,queue-times.com
2026-08-03T22:14:59Z,2026-08-04,0,14,Disney Adventure World,Ratatouille: The Adventure Single Rider,7279,CLOSED,STANDBY,0,,,queue-times.com
2026-08-03T22:14:59Z,2026-08-04,0,14,Disney Adventure World,RC Racer,34,CLOSED,STANDBY,0,,,queue-times.com
2026-08-03T22:14:59Z,2026-08-04,0,14,Disney Adventure World,RC Racer Single Rider,7280,CLOSED,STANDBY,0,,,queue-times.com
2026-08-03T22:14:59Z,2026-08-04,0,14,Disney Adventure World,Slinky® Dog Zigzag Spin,36,CLOSED,STANDBY,0,,,queue-times.com
2026-08-03T22:14:59Z,2026-08-04,0,14,Disney Adventure World,Toy Soldiers Parachute Drop,35,CLOSED,STANDBY,0,,,queue-times.com
2026-08-03T22:14:59Z,2026-08-04,0,14,Disney Adventure World,Toy Soldiers Parachute Drop Single Rider,7281,CLOSED,STANDBY,0,,,queue-times.com
2026-08-03T22:14:59Z,2026-08-04,0,14,Disney Adventure World,Entry to World of Frozen,16247,CLOSED,STANDBY,0,,,queue-times.com
2026-08-03T22:14:59Z,2026-08-04,0,14,Disney Adventure World,Frozen Ever After,15413,CLOSED,STANDBY,0,,,queue-times.com
2026-08-03T22:14:59Z,2026-08-04,0,14,Disney Adventure World,Raiponce Tangled Spin,15415,CLOSED,STANDBY,0,,,queue-times.com
2026-08-03T22:15:46Z,2026-08-04,0,15,Disneyland Park,Adventure Isle,2702,CLOSED,STANDBY,0,,,queue-times.com
2026-08-03T22:15:46Z,2026-08-04,0,15,Disneyland Park,Indiana Jones and the Temple of Peril Single Rider,7306,CLOSED,STANDBY,0,,,queue-times.com
2026-08-03T22:15:46Z,2026-08-04,0,15,Disneyland Park,Indiana Jones™ and the Temple of Peril,2,CLOSED,STANDBY,0,,,queue-times.com
2026-08-03T22:15:46Z,2026-08-04,0,15,Disneyland Park,La Cabane des Robinson,1,CLOSED,STANDBY,0,,,queue-times.com
2026-08-03T22:15:46Z,2026-08-04,0,15,Disneyland Park,Le Passage Enchanté d'Aladdin,2703,CLOSED,STANDBY,0,,,queue-times.com
2026-08-03T22:15:46Z,2026-08-04,0,15,Disneyland Park,Pirate Galleon,2705,CLOSED,STANDBY,0,,,queue-times.com
2026-08-03T22:15:46Z,2026-08-04,0,15,Disneyland Park,Pirates of the Caribbean,3,CLOSED,STANDBY,0,,,queue-times.com
2026-08-03T22:15:46Z,2026-08-04,0,15,Disneyland Park,Pirates' Beach,2704,CLOSED,STANDBY,0,,,queue-times.com
2026-08-03T22:15:46Z,2026-08-04,0,15,Disneyland Park,"Autopia, presented by Avis",4,CLOSED,STANDBY,0,,,queue-times.com
2026-08-03T22:15:46Z,2026-08-04,0,15,Disneyland Park,Buzz Lightyear Laser Blast,5,CLOSED,STANDBY,0,,,queue-times.com
2026-08-03T22:15:46Z,2026-08-04,0,15,Disneyland Park,Disneyland Railroad Discoveryland Station,2706,CLOSED,STANDBY,0,,,queue-times.com
2026-08-03T22:15:46Z,2026-08-04,0,15,Disneyland Park,Les Mystères du Nautilus,6,CLOSED,STANDBY,0,,,queue-times.com
2026-08-03T22:15:46Z,2026-08-04,0,15,Disneyland Park,Mickey’s PhilharMagic,2707,CLOSED,STANDBY,0,,,queue-times.com
2026-08-03T22:15:46Z,2026-08-04,0,15,Disneyland Park,Orbitron®,7,CLOSED,STANDBY,0,,,queue-times.com
2026-08-03T22:15:46Z,2026-08-04,0,15,Disneyland Park,Star Tours: The Adventures Continue*,9,CLOSED,STANDBY,0,,,queue-times.com
2026-08-03T22:15:46Z,2026-08-04,0,15,Disneyland Park,Star Wars Hyperspace Mountain,8,CLOSED,STANDBY,0,,,queue-times.com
2026-08-03T22:15:46Z,2026-08-04,0,15,Disneyland Park,Star Wars Hyperspace Mountain Single Rider,7278,CLOSED,STANDBY,0,,,queue-times.com
2026-08-03T22:15:46Z,2026-08-04,0,15,Disneyland Park,Welcome to Starport: A Star Wars Encounter,4573,CLOSED,STANDBY,0,,,queue-times.com
2026-08-03T22:15:46Z,2026-08-04,0,15,Disneyland Park,"""it's a small world""",19,CLOSED,STANDBY,0,,,queue-times.com
2026-08-03T22:15:46Z,2026-08-04,0,15,Disneyland Park,Alice's Curious Labyrinth,14,CLOSED,STANDBY,0,,,queue-times.com
2026-08-03T22:15:46Z,2026-08-04,0,15,Disneyland Park,Blanche-Neige et les Sept Nains®,15,CLOSED,STANDBY,0,,,queue-times.com
2026-08-03T22:15:46Z,2026-08-04,0,15,Disneyland Park,Casey Jr. – le Petit Train du Cirque,17,CLOSED,STANDBY,0,,,queue-times.com
2026-08-03T22:15:46Z,2026-08-04,0,15,Disneyland Park,Disneyland Railroad Fantasyland Station,2711,CLOSED,STANDBY,0,,,queue-times.com
2026-08-03T22:15:46Z,2026-08-04,0,15,Disneyland Park,Disneyland Railroad Main Street Station,11,CLOSED,STANDBY,0,,,queue-times.com
2026-08-03T22:15:46Z,2026-08-04,0,15,Disneyland Park,Dumbo the Flying Elephant,18,CLOSED,STANDBY,0,,,queue-times.com
2026-08-03T22:15:46Z,2026-08-04,0,15,Disneyland Park,La Tanière du Dragon,2710,CLOSED,STANDBY,0,,,queue-times.com
2026-08-03T22:15:46Z,2026-08-04,0,15,Disneyland Park,Le Carrousel de Lancelot,16,CLOSED,STANDBY,0,,,queue-times.com
2026-08-03T22:15:46Z,2026-08-04,0,15,Disneyland Park,"Le Pays des Contes de Fées, presented by Vittel",21,CLOSED,STANDBY,0,,,queue-times.com
2026-08-03T22:15:46Z,2026-08-04,0,15,Disneyland Park,Les Voyages de Pinocchio,23,CLOSED,STANDBY,0,,,queue-times.com
2026-08-03T22:15:46Z,2026-08-04,0,15,Disneyland Park,Mad Hatter's Tea Cups,20,CLOSED,STANDBY,0,,,queue-times.com
2026-08-03T22:15:46Z,2026-08-04,0,15,Disneyland Park,Meet Mickey Mouse,13,CLOSED,STANDBY,0,,,queue-times.com
2026-08-03T22:15:46Z,2026-08-04,0,15,Disneyland Park,Peter Pan's Flight,22,CLOSED,STANDBY,0,,,queue-times.com
2026-08-03T22:15:46Z,2026-08-04,0,15,Disneyland Park,Princess Pavilion,24,CLOSED,STANDBY,0,,,queue-times.com
2026-08-03T22:15:46Z,2026-08-04,0,15,Disneyland Park,Big Thunder Mountain,25,CLOSED,STANDBY,0,,,queue-times.com
2026-08-03T22:15:46Z,2026-08-04,0,15,Disneyland Park,Disneyland Railroad Frontierland Depot,2714,CLOSED,STANDBY,0,,,queue-times.com
2026-08-03T22:15:46Z,2026-08-04,0,15,Disneyland Park,Frontierland Playground,2713,CLOSED,STANDBY,0,,,queue-times.com
2026-08-03T22:15:46Z,2026-08-04,0,15,Disneyland Park,Phantom Manor,26,CLOSED,STANDBY,0,,,queue-times.com
2026-08-03T22:15:46Z,2026-08-04,0,15,Disneyland Park,River Rogue Keelboats,27,CLOSED,STANDBY,0,,,queue-times.com
2026-08-03T22:15:46Z,2026-08-04,0,15,Disneyland Park,Rustler Roundup Shootin' Gallery,2712,CLOSED,STANDBY,0,,,queue-times.com
2026-08-03T22:15:46Z,2026-08-04,0,15,Disneyland Park,Thunder Mesa Riverboat Landing,28,CLOSED,STANDBY,0,,,queue-times.com
2026-08-03T22:15:46Z,2026-08-04,0,15,Disneyland Park,Disneyland Railroad Main Street Station,2708,CLOSED,STANDBY,0,,,queue-times.com
2026-08-03T22:15:46Z,2026-08-04,0,15,Disneyland Park,Main Street Vehicles,12,CLOSED,STANDBY,0,,,queue-times.com
2026-08-03T22:15:46Z,2026-08-04,0,15,Disney Adventure World,Avengers Assemble: Flight Force,10848,CLOSED,STANDBY,0,,,queue-times.com
2026-08-03T22:15:46Z,2026-08-04,0,15,Disney Adventure World,Avengers Assemble: Flight Force Single Rider,10849,CLOSED,STANDBY,0,,,queue-times.com
2026-08-03T22:15:46Z,2026-08-04,0,15,Disney Adventure World,Spider-Man W.E.B. Adventure,10845,CLOSED,STANDBY,0,,,queue-times.com
2026-08-03T22:15:46Z,2026-08-04,0,15,Disney Adventure World,Spider-Man W.E.B. Adventure Single Rider,10846,CLOSED,STANDBY,0,,,queue-times.com
2026-08-03T22:15:46Z,2026-08-04,0,15,Disney Adventure World,The Twilight Zone Tower of Terror,40,CLOSED,STANDBY,0,,,queue-times.com
2026-08-03T22:15:46Z,2026-08-04,0,15,Disney Adventure World,Cars Quatre Roues Rallye,31,CLOSED,STANDBY,0,,,queue-times.com
2026-08-03T22:15:46Z,2026-08-04,0,15,Disney Adventure World,Cars ROAD TRIP,29,CLOSED,STANDBY,0,,,queue-times.com
2026-08-03T22:15:46Z,2026-08-04,0,15,Disney Adventure World,Crush's Coaster,32,CLOSED,STANDBY,0,,,queue-times.com
2026-08-03T22:15:46Z,2026-08-04,0,15,Disney Adventure World,Crush's Coaster Single Rider,7277,CLOSED,STANDBY,0,,,queue-times.com
2026-08-03T22:15:46Z,2026-08-04,0,15,Disney Adventure World,Les Tapis Volants - Flying Carpets Over Agrabah®,33,CLOSED,STANDBY,0,,,queue-times.com
2026-08-03T22:15:46Z,2026-08-04,0,15,Disney Adventure World,Ratatouille : L’Aventure Totalement Toquée de Rémy​,37,CLOSED,STANDBY,0,,,queue-times.com
2026-08-03T22:15:46Z,2026-08-04,0,15,Disney Adventure World,Ratatouille: The Adventure Single Rider,7279,CLOSED,STANDBY,0,,,queue-times.com
2026-08-03T22:15:46Z,2026-08-04,0,15,Disney Adventure World,RC Racer,34,CLOSED,STANDBY,0,,,queue-times.com
2026-08-03T22:15:46Z,2026-08-04,0,15,Disney Adventure World,RC Racer Single Rider,7280,CLOSED,STANDBY,0,,,queue-times.com
2026-08-03T22:15:46Z,2026-08-04,0,15,Disney Adventure World,Slinky® Dog Zigzag Spin,36,CLOSED,STANDBY,0,,,queue-times.com
2026-08-03T22:15:46Z,2026-08-04,0,15,Disney Adventure World,Toy Soldiers Parachute Drop,35,CLOSED,STANDBY,0,,,queue-times.com
2026-08-03T22:15:46Z,2026-08-04,0,15,Disney Adventure World,Toy Soldiers Parachute Drop Single Rider,7281,CLOSED,STANDBY,0,,,queue-times.com
2026-08-03T22:15:46Z,2026-08-04,0,15,Disney Adventure World,Entry to World of Frozen,16247,CLOSED,STANDBY,0,,,queue-times.com
2026-08-03T22:15:46Z,2026-08-04,0,15,Disney Adventure World,Frozen Ever After,15413,CLOSED,STANDBY,0,,,queue-times.com
2026-08-03T22:15:46Z,2026-08-04,0,15,Disney Adventure World,Raiponce Tangled Spin,15415,CLOSED,STANDBY,0,,,queue-times.com
2026-08-03T22:31:10Z,2026-08-04,0,31,Disneyland Park,Adventure Isle,2702,CLOSED,STANDBY,0,,,queue-times.com
2026-08-03T22:31:10Z,2026-08-04,0,31,Disneyland Park,Indiana Jones and the Temple of Peril Single Rider,7306,CLOSED,STANDBY,0,,,queue-times.com
2026-08-03T22:31:10Z,2026-08-04,0,31,Disneyland Park,Indiana Jones™ and the Temple of Peril,2,CLOSED,STANDBY,0,,,queue-times.com
2026-08-03T22:31:10Z,2026-08-04,0,31,Disneyland Park,La Cabane des Robinson,1,CLOSED,STANDBY,0,,,queue-times.com
2026-08-03T22:31:10Z,2026-08-04,0,31,Disneyland Park,Le Passage Enchanté d'Aladdin,2703,CLOSED,STANDBY,0,,,queue-times.com
2026-08-03T22:31:10Z,2026-08-04,0,31,Disneyland Park,Pirate Galleon,2705,CLOSED,STANDBY,0,,,queue-times.com
2026-08-03T22:31:10Z,2026-08-04,0,31,Disneyland Park,Pirates of the Caribbean,3,CLOSED,STANDBY,0,,,queue-times.com
2026-08-03T22:31:10Z,2026-08-04,0,31,Disneyland Park,Pirates' Beach,2704,CLOSED,STANDBY,0,,,queue-times.com
2026-08-03T22:31:10Z,2026-08-04,0,31,Disneyland Park,"Autopia, presented by Avis",4,CLOSED,STANDBY,0,,,queue-times.com
2026-08-03T22:31:10Z,2026-08-04,0,31,Disneyland Park,Buzz Lightyear Laser Blast,5,CLOSED,STANDBY,0,,,queue-times.com
2026-08-03T22:31:10Z,2026-08-04,0,31,Disneyland Park,Disneyland Railroad Discoveryland Station,2706,CLOSED,STANDBY,0,,,queue-times.com
2026-08-03T22:31:10Z,2026-08-04,0,31,Disneyland Park,Les Mystères du Nautilus,6,CLOSED,STANDBY,0,,,queue-times.com
2026-08-03T22:31:10Z,2026-08-04,0,31,Disneyland Park,Mickey’s PhilharMagic,2707,CLOSED,STANDBY,0,,,queue-times.com
2026-08-03T22:31:10Z,2026-08-04,0,31,Disneyland Park,Orbitron®,7,CLOSED,STANDBY,0,,,queue-times.com
2026-08-03T22:31:10Z,2026-08-04,0,31,Disneyland Park,Star Tours: The Adventures Continue*,9,CLOSED,STANDBY,0,,,queue-times.com
2026-08-03T22:31:10Z,2026-08-04,0,31,Disneyland Park,Star Wars Hyperspace Mountain,8,CLOSED,STANDBY,0,,,queue-times.com
2026-08-03T22:31:10Z,2026-08-04,0,31,Disneyland Park,Star Wars Hyperspace Mountain Single Rider,7278,CLOSED,STANDBY,0,,,queue-times.com
2026-08-03T22:31:10Z,2026-08-04,0,31,Disneyland Park,Welcome to Starport: A Star Wars Encounter,4573,CLOSED,STANDBY,0,,,queue-times.com
2026-08-03T22:31:10Z,2026-08-04,0,31,Disneyland Park,"""it's a small world""",19,CLOSED,STANDBY,0,,,queue-times.com
2026-08-03T22:31:10Z,2026-08-04,0,31,Disneyland Park,Alice's Curious Labyrinth,14,CLOSED,STANDBY,0,,,queue-times.com
2026-08-03T22:31:10Z,2026-08-04,0,31,Disneyland Park,Blanche-Neige et les Sept Nains®,15,CLOSED,STANDBY,0,,,queue-times.com
2026-08-03T22:31:10Z,2026-08-04,0,31,Disneyland Park,Casey Jr. – le Petit Train du Cirque,17,CLOSED,STANDBY,0,,,queue-times.com
2026-08-03T22:31:10Z,2026-08-04,0,31,Disneyland Park,Disneyland Railroad Fantasyland Station,2711,CLOSED,STANDBY,0,,,queue-times.com
2026-08-03T22:31:10Z,2026-08-04,0,31,Disneyland Park,Disneyland Railroad Main Street Station,11,CLOSED,STANDBY,0,,,queue-times.com
2026-08-03T22:31:10Z,2026-08-04,0,31,Disneyland Park,Dumbo the Flying Elephant,18,CLOSED,STANDBY,0,,,queue-times.com
2026-08-03T22:31:10Z,2026-08-04,0,31,Disneyland Park,La Tanière du Dragon,2710,CLOSED,STANDBY,0,,,queue-times.com
2026-08-03T22:31:10Z,2026-08-04,0,31,Disneyland Park,Le Carrousel de Lancelot,16,CLOSED,STANDBY,0,,,queue-times.com
2026-08-03T22:31:10Z,2026-08-04,0,31,Disneyland Park,"Le Pays des Contes de Fées, presented by Vittel",21,CLOSED,STANDBY,0,,,queue-times.com
2026-08-03T22:31:10Z,2026-08-04,0,31,Disneyland Park,Les Voyages de Pinocchio,23,CLOSED,STANDBY,0,,,queue-times.com
2026-08-03T22:31:10Z,2026-08-04,0,31,Disneyland Park,Mad Hatter's Tea Cups,20,CLOSED,STANDBY,0,,,queue-times.com
2026-08-03T22:31:10Z,2026-08-04,0,31,Disneyland Park,Meet Mickey Mouse,13,CLOSED,STANDBY,0,,,queue-times.com
2026-08-03T22:31:10Z,2026-08-04,0,31,Disneyland Park,Peter Pan's Flight,22,CLOSED,STANDBY,0,,,queue-times.com
2026-08-03T22:31:10Z,2026-08-04,0,31,Disneyland Park,Princess Pavilion,24,CLOSED,STANDBY,0,,,queue-times.com
2026-08-03T22:31:10Z,2026-08-04,0,31,Disneyland Park,Big Thunder Mountain,25,CLOSED,STANDBY,0,,,queue-times.com
2026-08-03T22:31:10Z,2026-08-04,0,31,Disneyland Park,Disneyland Railroad Frontierland Depot,2714,CLOSED,STANDBY,0,,,queue-times.com
2026-08-03T22:31:10Z,2026-08-04,0,31,Disneyland Park,Frontierland Playground,2713,CLOSED,STANDBY,0,,,queue-times.com
2026-08-03T22:31:10Z,2026-08-04,0,31,Disneyland Park,Phantom Manor,26,CLOSED,STANDBY,0,,,queue-times.com
2026-08-03T22:31:10Z,2026-08-04,0,31,Disneyland Park,River Rogue Keelboats,27,CLOSED,STANDBY,0,,,queue-times.com
2026-08-03T22:31:10Z,2026-08-04,0,31,Disneyland Park,Rustler Roundup Shootin' Gallery,2712,CLOSED,STANDBY,0,,,queue-times.com
2026-08-03T22:31:10Z,2026-08-04,0,31,Disneyland Park,Thunder Mesa Riverboat Landing,28,CLOSED,STANDBY,0,,,queue-times.com
2026-08-03T22:31:10Z,2026-08-04,0,31,Disneyland Park,Disneyland Railroad Main Street Station,2708,CLOSED,STANDBY,0,,,queue-times.com
2026-08-03T22:31:10Z,2026-08-04,0,31,Disneyland Park,Main Street Vehicles,12,CLOSED,STANDBY,0,,,queue-times.com
2026-08-03T22:31:10Z,2026-08-04,0,31,Disney Adventure World,Avengers Assemble: Flight Force,10848,CLOSED,STANDBY,0,,,queue-times.com
2026-08-03T22:31:10Z,2026-08-04,0,31,Disney Adventure World,Avengers Assemble: Flight Force Single Rider,10849,CLOSED,STANDBY,0,,,queue-times.com
2026-08-03T22:31:10Z,2026-08-04,0,31,Disney Adventure World,Spider-Man W.E.B. Adventure,10845,CLOSED,STANDBY,0,,,queue-times.com
2026-08-03T22:31:10Z,2026-08-04,0,31,Disney Adventure World,Spider-Man W.E.B. Adventure Single Rider,10846,CLOSED,STANDBY,0,,,queue-times.com
2026-08-03T22:31:10Z,2026-08-04,0,31,Disney Adventure World,The Twilight Zone Tower of Terror,40,CLOSED,STANDBY,0,,,queue-times.com
2026-08-03T22:31:10Z,2026-08-04,0,31,Disney Adventure World,Cars Quatre Roues Rallye,31,CLOSED,STANDBY,0,,,queue-times.com
2026-08-03T22:31:10Z,2026-08-04,0,31,Disney Adventure World,Cars ROAD TRIP,29,CLOSED,STANDBY,0,,,queue-times.com
2026-08-03T22:31:10Z,2026-08-04,0,31,Disney Adventure World,Crush's Coaster,32,CLOSED,STANDBY,0,,,queue-times.com
2026-08-03T22:31:10Z,2026-08-04,0,31,Disney Adventure World,Crush's Coaster Single Rider,7277,CLOSED,STANDBY,0,,,queue-times.com
2026-08-03T22:31:10Z,2026-08-04,0,31,Disney Adventure World,Les Tapis Volants - Flying Carpets Over Agrabah®,33,CLOSED,STANDBY,0,,,queue-times.com
2026-08-03T22:31:10Z,2026-08-04,0,31,Disney Adventure World,Ratatouille : L’Aventure Totalement Toquée de Rémy​,37,CLOSED,STANDBY,0,,,queue-times.com
2026-08-03T22:31:10Z,2026-08-04,0,31,Disney Adventure World,Ratatouille: The Adventure Single Rider,7279,CLOSED,STANDBY,0,,,queue-times.com
2026-08-03T22:31:10Z,2026-08-04,0,31,Disney Adventure World,RC Racer,34,CLOSED,STANDBY,0,,,queue-times.com
2026-08-03T22:31:10Z,2026-08-04,0,31,Disney Adventure World,RC Racer Single Rider,7280,CLOSED,STANDBY,0,,,queue-times.com
2026-08-03T22:31:10Z,2026-08-04,0,31,Disney Adventure World,Slinky® Dog Zigzag Spin,36,CLOSED,STANDBY,0,,,queue-times.com
2026-08-03T22:31:10Z,2026-08-04,0,31,Disney Adventure World,Toy Soldiers Parachute Drop,35,CLOSED,STANDBY,0,,,queue-times.com
2026-08-03T22:31:10Z,2026-08-04,0,31,Disney Adventure World,Toy Soldiers Parachute Drop Single Rider,7281,CLOSED,STANDBY,0,,,queue-times.com
2026-08-03T22:31:10Z,2026-08-04,0,31,Disney Adventure World,Entry to World of Frozen,16247,CLOSED,STANDBY,0,,,queue-times.com
2026-08-03T22:31:10Z,2026-08-04,0,31,Disney Adventure World,Frozen Ever After,15413,CLOSED,STANDBY,0,,,queue-times.com
2026-08-03T22:31:10Z,2026-08-04,0,31,Disney Adventure World,Raiponce Tangled Spin,15415,CLOSED,STANDBY,0,,,queue-times.com
2026-08-03T22:45:45Z,2026-08-04,0,45,Disneyland Park,Adventure Isle,2702,CLOSED,STANDBY,0,,,queue-times.com
2026-08-03T22:45:45Z,2026-08-04,0,45,Disneyland Park,Indiana Jones and the Temple of Peril Single Rider,7306,CLOSED,STANDBY,0,,,queue-times.com
2026-08-03T22:45:45Z,2026-08-04,0,45,Disneyland Park,Indiana Jones™ and the Temple of Peril,2,CLOSED,STANDBY,0,,,queue-times.com
2026-08-03T22:45:45Z,2026-08-04,0,45,Disneyland Park,La Cabane des Robinson,1,CLOSED,STANDBY,0,,,queue-times.com
2026-08-03T22:45:45Z,2026-08-04,0,45,Disneyland Park,Le Passage Enchanté d'Aladdin,2703,CLOSED,STANDBY,0,,,queue-times.com
2026-08-03T22:45:45Z,2026-08-04,0,45,Disneyland Park,Pirate Galleon,2705,CLOSED,STANDBY,0,,,queue-times.com
2026-08-03T22:45:45Z,2026-08-04,0,45,Disneyland Park,Pirates of the Caribbean,3,CLOSED,STANDBY,0,,,queue-times.com
2026-08-03T22:45:45Z,2026-08-04,0,45,Disneyland Park,Pirates' Beach,2704,CLOSED,STANDBY,0,,,queue-times.com
2026-08-03T22:45:45Z,2026-08-04,0,45,Disneyland Park,"Autopia, presented by Avis",4,CLOSED,STANDBY,0,,,queue-times.com
2026-08-03T22:45:45Z,2026-08-04,0,45,Disneyland Park,Buzz Lightyear Laser Blast,5,CLOSED,STANDBY,0,,,queue-times.com
2026-08-03T22:45:45Z,2026-08-04,0,45,Disneyland Park,Disneyland Railroad Discoveryland Station,2706,CLOSED,STANDBY,0,,,queue-times.com
2026-08-03T22:45:45Z,2026-08-04,0,45,Disneyland Park,Les Mystères du Nautilus,6,CLOSED,STANDBY,0,,,queue-times.com
2026-08-03T22:45:45Z,2026-08-04,0,45,Disneyland Park,Mickey’s PhilharMagic,2707,CLOSED,STANDBY,0,,,queue-times.com
2026-08-03T22:45:45Z,2026-08-04,0,45,Disneyland Park,Orbitron®,7,CLOSED,STANDBY,0,,,queue-times.com
2026-08-03T22:45:45Z,2026-08-04,0,45,Disneyland Park,Star Tours: The Adventures Continue*,9,CLOSED,STANDBY,0,,,queue-times.com
2026-08-03T22:45:45Z,2026-08-04,0,45,Disneyland Park,Star Wars Hyperspace Mountain,8,CLOSED,STANDBY,0,,,queue-times.com
2026-08-03T22:45:45Z,2026-08-04,0,45,Disneyland Park,Star Wars Hyperspace Mountain Single Rider,7278,CLOSED,STANDBY,0,,,queue-times.com
2026-08-03T22:45:45Z,2026-08-04,0,45,Disneyland Park,Welcome to Starport: A Star Wars Encounter,4573,CLOSED,STANDBY,0,,,queue-times.com
2026-08-03T22:45:45Z,2026-08-04,0,45,Disneyland Park,"""it's a small world""",19,CLOSED,STANDBY,0,,,queue-times.com
2026-08-03T22:45:45Z,2026-08-04,0,45,Disneyland Park,Alice's Curious Labyrinth,14,CLOSED,STANDBY,0,,,queue-times.com
2026-08-03T22:45:45Z,2026-08-04,0,45,Disneyland Park,Blanche-Neige et les Sept Nains®,15,CLOSED,STANDBY,0,,,queue-times.com
2026-08-03T22:45:45Z,2026-08-04,0,45,Disneyland Park,Casey Jr. – le Petit Train du Cirque,17,CLOSED,STANDBY,0,,,queue-times.com
2026-08-03T22:45:45Z,2026-08-04,0,45,Disneyland Park,Disneyland Railroad Fantasyland Station,2711,CLOSED,STANDBY,0,,,queue-times.com
2026-08-03T22:45:45Z,2026-08-04,0,45,Disneyland Park,Disneyland Railroad Main Street Station,11,CLOSED,STANDBY,0,,,queue-times.com
2026-08-03T22:45:45Z,2026-08-04,0,45,Disneyland Park,Dumbo the Flying Elephant,18,CLOSED,STANDBY,0,,,queue-times.com
2026-08-03T22:45:45Z,2026-08-04,0,45,Disneyland Park,La Tanière du Dragon,2710,CLOSED,STANDBY,0,,,queue-times.com
2026-08-03T22:45:45Z,2026-08-04,0,45,Disneyland Park,Le Carrousel de Lancelot,16,CLOSED,STANDBY,0,,,queue-times.com
2026-08-03T22:45:45Z,2026-08-04,0,45,Disneyland Park,"Le Pays des Contes de Fées, presented by Vittel",21,CLOSED,STANDBY,0,,,queue-times.com
2026-08-03T22:45:45Z,2026-08-04,0,45,Disneyland Park,Les Voyages de Pinocchio,23,CLOSED,STANDBY,0,,,queue-times.com
2026-08-03T22:45:45Z,2026-08-04,0,45,Disneyland Park,Mad Hatter's Tea Cups,20,CLOSED,STANDBY,0,,,queue-times.com
2026-08-03T22:45:45Z,2026-08-04,0,45,Disneyland Park,Meet Mickey Mouse,13,CLOSED,STANDBY,0,,,queue-times.com
2026-08-03T22:45:45Z,2026-08-04,0,45,Disneyland Park,Peter Pan's Flight,22,CLOSED,STANDBY,0,,,queue-times.com
2026-08-03T22:45:45Z,2026-08-04,0,45,Disneyland Park,Princess Pavilion,24,CLOSED,STANDBY,0,,,queue-times.com
2026-08-03T22:45:45Z,2026-08-04,0,45,Disneyland Park,Big Thunder Mountain,25,CLOSED,STANDBY,0,,,queue-times.com
2026-08-03T22:45:45Z,2026-08-04,0,45,Disneyland Park,Disneyland Railroad Frontierland Depot,2714,CLOSED,STANDBY,0,,,queue-times.com
2026-08-03T22:45:45Z,2026-08-04,0,45,Disneyland Park,Frontierland Playground,2713,CLOSED,STANDBY,0,,,queue-times.com
2026-08-03T22:45:45Z,2026-08-04,0,45,Disneyland Park,Phantom Manor,26,CLOSED,STANDBY,0,,,queue-times.com
2026-08-03T22:45:45Z,2026-08-04,0,45,Disneyland Park,River Rogue Keelboats,27,CLOSED,STANDBY,0,,,queue-times.com
2026-08-03T22:45:45Z,2026-08-04,0,45,Disneyland Park,Rustler Roundup Shootin' Gallery,2712,CLOSED,STANDBY,0,,,queue-times.com
2026-08-03T22:45:45Z,2026-08-04,0,45,Disneyland Park,Thunder Mesa Riverboat Landing,28,CLOSED,STANDBY,0,,,queue-times.com
2026-08-03T22:45:45Z,2026-08-04,0,45,Disneyland Park,Disneyland Railroad Main Street Station,2708,CLOSED,STANDBY,0,,,queue-times.com
2026-08-03T22:45:45Z,2026-08-04,0,45,Disneyland Park,Main Street Vehicles,12,CLOSED,STANDBY,0,,,queue-times.com
2026-08-03T22:45:45Z,2026-08-04,0,45,Disney Adventure World,Avengers Assemble: Flight Force,10848,CLOSED,STANDBY,0,,,queue-times.com
2026-08-03T22:45:45Z,2026-08-04,0,45,Disney Adventure World,Avengers Assemble: Flight Force Single Rider,10849,CLOSED,STANDBY,0,,,queue-times.com
2026-08-03T22:45:45Z,2026-08-04,0,45,Disney Adventure World,Spider-Man W.E.B. Adventure,10845,CLOSED,STANDBY,0,,,queue-times.com
2026-08-03T22:45:45Z,2026-08-04,0,45,Disney Adventure World,Spider-Man W.E.B. Adventure Single Rider,10846,CLOSED,STANDBY,0,,,queue-times.com
2026-08-03T22:45:45Z,2026-08-04,0,45,Disney Adventure World,The Twilight Zone Tower of Terror,40,CLOSED,STANDBY,0,,,queue-times.com
2026-08-03T22:45:45Z,2026-08-04,0,45,Disney Adventure World,Cars Quatre Roues Rallye,31,CLOSED,STANDBY,0,,,queue-times.com
2026-08-03T22:45:45Z,2026-08-04,0,45,Disney Adventure World,Cars ROAD TRIP,29,CLOSED,STANDBY,0,,,queue-times.com
2026-08-03T22:45:45Z,2026-08-04,0,45,Disney Adventure World,Crush's Coaster,32,CLOSED,STANDBY,0,,,queue-times.com
2026-08-03T22:45:45Z,2026-08-04,0,45,Disney Adventure World,Crush's Coaster Single Rider,7277,CLOSED,STANDBY,0,,,queue-times.com
2026-08-03T22:45:45Z,2026-08-04,0,45,Disney Adventure World,Les Tapis Volants - Flying Carpets Over Agrabah®,33,CLOSED,STANDBY,0,,,queue-times.com
2026-08-03T22:45:45Z,2026-08-04,0,45,Disney Adventure World,Ratatouille : L’Aventure Totalement Toquée de Rémy​,37,CLOSED,STANDBY,0,,,queue-times.com
2026-08-03T22:45:45Z,2026-08-04,0,45,Disney Adventure World,Ratatouille: The Adventure Single Rider,7279,CLOSED,STANDBY,0,,,queue-times.com
2026-08-03T22:45:45Z,2026-08-04,0,45,Disney Adventure World,RC Racer,34,CLOSED,STANDBY,0,,,queue-times.com
2026-08-03T22:45:45Z,2026-08-04,0,45,Disney Adventure World,RC Racer Single Rider,7280,CLOSED,STANDBY,0,,,queue-times.com
2026-08-03T22:45:45Z,2026-08-04,0,45,Disney Adventure World,Slinky® Dog Zigzag Spin,36,CLOSED,STANDBY,0,,,queue-times.com
2026-08-03T22:45:45Z,2026-08-04,0,45,Disney Adventure World,Toy Soldiers Parachute Drop,35,CLOSED,STANDBY,0,,,queue-times.com
2026-08-03T22:45:45Z,2026-08-04,0,45,Disney Adventure World,Toy Soldiers Parachute Drop Single Rider,7281,CLOSED,STANDBY,0,,,queue-times.com
2026-08-03T22:45:45Z,2026-08-04,0,45,Disney Adventure World,Entry to World of Frozen,16247,CLOSED,STANDBY,0,,,queue-times.com
2026-08-03T22:45:45Z,2026-08-04,0,45,Disney Adventure World,Frozen Ever After,15413,CLOSED,STANDBY,0,,,queue-times.com
2026-08-03T22:45:45Z,2026-08-04,0,45,Disney Adventure World,Raiponce Tangled Spin,15415,CLOSED,STANDBY,0,,,queue-times.com
2026-08-03T23:01:23Z,2026-08-04,1,1,Disneyland Park,Adventure Isle,2702,CLOSED,STANDBY,0,,,queue-times.com
2026-08-03T23:01:23Z,2026-08-04,1,1,Disneyland Park,Indiana Jones and the Temple of Peril Single Rider,7306,CLOSED,STANDBY,0,,,queue-times.com
2026-08-03T23:01:23Z,2026-08-04,1,1,Disneyland Park,Indiana Jones™ and the Temple of Peril,2,CLOSED,STANDBY,0,,,queue-times.com
2026-08-03T23:01:23Z,2026-08-04,1,1,Disneyland Park,La Cabane des Robinson,1,CLOSED,STANDBY,0,,,queue-times.com
2026-08-03T23:01:23Z,2026-08-04,1,1,Disneyland Park,Le Passage Enchanté d'Aladdin,2703,CLOSED,STANDBY,0,,,queue-times.com
2026-08-03T23:01:23Z,2026-08-04,1,1,Disneyland Park,Pirate Galleon,2705,CLOSED,STANDBY,0,,,queue-times.com
2026-08-03T23:01:23Z,2026-08-04,1,1,Disneyland Park,Pirates of the Caribbean,3,CLOSED,STANDBY,0,,,queue-times.com
2026-08-03T23:01:23Z,2026-08-04,1,1,Disneyland Park,Pirates' Beach,2704,CLOSED,STANDBY,0,,,queue-times.com
2026-08-03T23:01:23Z,2026-08-04,1,1,Disneyland Park,"Autopia, presented by Avis",4,CLOSED,STANDBY,0,,,queue-times.com
2026-08-03T23:01:23Z,2026-08-04,1,1,Disneyland Park,Buzz Lightyear Laser Blast,5,CLOSED,STANDBY,0,,,queue-times.com
2026-08-03T23:01:23Z,2026-08-04,1,1,Disneyland Park,Disneyland Railroad Discoveryland Station,2706,CLOSED,STANDBY,0,,,queue-times.com
2026-08-03T23:01:23Z,2026-08-04,1,1,Disneyland Park,Les Mystères du Nautilus,6,CLOSED,STANDBY,0,,,queue-times.com
2026-08-03T23:01:23Z,2026-08-04,1,1,Disneyland Park,Mickey’s PhilharMagic,2707,CLOSED,STANDBY,0,,,queue-times.com
2026-08-03T23:01:23Z,2026-08-04,1,1,Disneyland Park,Orbitron®,7,CLOSED,STANDBY,0,,,queue-times.com
2026-08-03T23:01:23Z,2026-08-04,1,1,Disneyland Park,Star Tours: The Adventures Continue*,9,CLOSED,STANDBY,0,,,queue-times.com
2026-08-03T23:01:23Z,2026-08-04,1,1,Disneyland Park,Star Wars Hyperspace Mountain,8,CLOSED,STANDBY,0,,,queue-times.com
2026-08-03T23:01:23Z,2026-08-04,1,1,Disneyland Park,Star Wars Hyperspace Mountain Single Rider,7278,CLOSED,STANDBY,0,,,queue-times.com
2026-08-03T23:01:23Z,2026-08-04,1,1,Disneyland Park,Welcome to Starport: A Star Wars Encounter,4573,CLOSED,STANDBY,0,,,queue-times.com
2026-08-03T23:01:23Z,2026-08-04,1,1,Disneyland Park,"""it's a small world""",19,CLOSED,STANDBY,0,,,queue-times.com
2026-08-03T23:01:23Z,2026-08-04,1,1,Disneyland Park,Alice's Curious Labyrinth,14,CLOSED,STANDBY,0,,,queue-times.com
2026-08-03T23:01:23Z,2026-08-04,1,1,Disneyland Park,Blanche-Neige et les Sept Nains®,15,CLOSED,STANDBY,0,,,queue-times.com
2026-08-03T23:01:23Z,2026-08-04,1,1,Disneyland Park,Casey Jr. – le Petit Train du Cirque,17,CLOSED,STANDBY,0,,,queue-times.com
2026-08-03T23:01:23Z,2026-08-04,1,1,Disneyland Park,Disneyland Railroad Fantasyland Station,2711,CLOSED,STANDBY,0,,,queue-times.com
2026-08-03T23:01:23Z,2026-08-04,1,1,Disneyland Park,Disneyland Railroad Main Street Station,11,CLOSED,STANDBY,0,,,queue-times.com
2026-08-03T23:01:23Z,2026-08-04,1,1,Disneyland Park,Dumbo the Flying Elephant,18,CLOSED,STANDBY,0,,,queue-times.com
2026-08-03T23:01:23Z,2026-08-04,1,1,Disneyland Park,La Tanière du Dragon,2710,CLOSED,STANDBY,0,,,queue-times.com
2026-08-03T23:01:23Z,2026-08-04,1,1,Disneyland Park,Le Carrousel de Lancelot,16,CLOSED,STANDBY,0,,,queue-times.com
2026-08-03T23:01:23Z,2026-08-04,1,1,Disneyland Park,"Le Pays des Contes de Fées, presented by Vittel",21,CLOSED,STANDBY,0,,,queue-times.com
2026-08-03T23:01:23Z,2026-08-04,1,1,Disneyland Park,Les Voyages de Pinocchio,23,CLOSED,STANDBY,0,,,queue-times.com
2026-08-03T23:01:23Z,2026-08-04,1,1,Disneyland Park,Mad Hatter's Tea Cups,20,CLOSED,STANDBY,0,,,queue-times.com
2026-08-03T23:01:23Z,2026-08-04,1,1,Disneyland Park,Meet Mickey Mouse,13,CLOSED,STANDBY,0,,,queue-times.com
2026-08-03T23:01:23Z,2026-08-04,1,1,Disneyland Park,Peter Pan's Flight,22,CLOSED,STANDBY,0,,,queue-times.com
2026-08-03T23:01:23Z,2026-08-04,1,1,Disneyland Park,Princess Pavilion,24,CLOSED,STANDBY,0,,,queue-times.com
2026-08-03T23:01:23Z,2026-08-04,1,1,Disneyland Park,Big Thunder Mountain,25,CLOSED,STANDBY,0,,,queue-times.com
2026-08-03T23:01:23Z,2026-08-04,1,1,Disneyland Park,Disneyland Railroad Frontierland Depot,2714,CLOSED,STANDBY,0,,,queue-times.com
2026-08-03T23:01:23Z,2026-08-04,1,1,Disneyland Park,Frontierland Playground,2713,CLOSED,STANDBY,0,,,queue-times.com
2026-08-03T23:01:23Z,2026-08-04,1,1,Disneyland Park,Phantom Manor,26,CLOSED,STANDBY,0,,,queue-times.com
2026-08-03T23:01:23Z,2026-08-04,1,1,Disneyland Park,River Rogue Keelboats,27,CLOSED,STANDBY,0,,,queue-times.com
2026-08-03T23:01:23Z,2026-08-04,1,1,Disneyland Park,Rustler Roundup Shootin' Gallery,2712,CLOSED,STANDBY,0,,,queue-times.com
2026-08-03T23:01:23Z,2026-08-04,1,1,Disneyland Park,Thunder Mesa Riverboat Landing,28,CLOSED,STANDBY,0,,,queue-times.com
2026-08-03T23:01:23Z,2026-08-04,1,1,Disneyland Park,Disneyland Railroad Main Street Station,2708,CLOSED,STANDBY,0,,,queue-times.com
2026-08-03T23:01:23Z,2026-08-04,1,1,Disneyland Park,Main Street Vehicles,12,CLOSED,STANDBY,0,,,queue-times.com
2026-08-03T23:01:23Z,2026-08-04,1,1,Disney Adventure World,Avengers Assemble: Flight Force,10848,CLOSED,STANDBY,0,,,queue-times.com
2026-08-03T23:01:23Z,2026-08-04,1,1,Disney Adventure World,Avengers Assemble: Flight Force Single Rider,10849,CLOSED,STANDBY,0,,,queue-times.com
2026-08-03T23:01:23Z,2026-08-04,1,1,Disney Adventure World,Spider-Man W.E.B. Adventure,10845,CLOSED,STANDBY,0,,,queue-times.com
2026-08-03T23:01:23Z,2026-08-04,1,1,Disney Adventure World,Spider-Man W.E.B. Adventure Single Rider,10846,CLOSED,STANDBY,0,,,queue-times.com
2026-08-03T23:01:23Z,2026-08-04,1,1,Disney Adventure World,The Twilight Zone Tower of Terror,40,CLOSED,STANDBY,0,,,queue-times.com
2026-08-03T23:01:23Z,2026-08-04,1,1,Disney Adventure World,Cars Quatre Roues Rallye,31,CLOSED,STANDBY,0,,,queue-times.com
2026-08-03T23:01:23Z,2026-08-04,1,1,Disney Adventure World,Cars ROAD TRIP,29,CLOSED,STANDBY,0,,,queue-times.com
2026-08-03T23:01:23Z,2026-08-04,1,1,Disney Adventure World,Crush's Coaster,32,CLOSED,STANDBY,0,,,queue-times.com
2026-08-03T23:01:23Z,2026-08-04,1,1,Disney Adventure World,Crush's Coaster Single Rider,7277,CLOSED,STANDBY,0,,,queue-times.com
2026-08-03T23:01:23Z,2026-08-04,1,1,Disney Adventure World,Les Tapis Volants - Flying Carpets Over Agrabah®,33,CLOSED,STANDBY,0,,,queue-times.com
2026-08-03T23:01:23Z,2026-08-04,1,1,Disney Adventure World,Ratatouille : L’Aventure Totalement Toquée de Rémy​,37,CLOSED,STANDBY,0,,,queue-times.com
2026-08-03T23:01:23Z,2026-08-04,1,1,Disney Adventure World,Ratatouille: The Adventure Single Rider,7279,CLOSED,STANDBY,0,,,queue-times.com
2026-08-03T23:01:23Z,2026-08-04,1,1,Disney Adventure World,RC Racer,34,CLOSED,STANDBY,0,,,queue-times.com
2026-08-03T23:01:23Z,2026-08-04,1,1,Disney Adventure World,RC Racer Single Rider,7280,CLOSED,STANDBY,0,,,queue-times.com
2026-08-03T23:01:23Z,2026-08-04,1,1,Disney Adventure World,Slinky® Dog Zigzag Spin,36,CLOSED,STANDBY,0,,,queue-times.com
2026-08-03T23:01:23Z,2026-08-04,1,1,Disney Adventure World,Toy Soldiers Parachute Drop,35,CLOSED,STANDBY,0,,,queue-times.com
2026-08-03T23:01:23Z,2026-08-04,1,1,Disney Adventure World,Toy Soldiers Parachute Drop Single Rider,7281,CLOSED,STANDBY,0,,,queue-times.com
2026-08-03T23:01:23Z,2026-08-04,1,1,Disney Adventure World,Entry to World of Frozen,16247,CLOSED,STANDBY,0,,,queue-times.com
2026-08-03T23:01:23Z,2026-08-04,1,1,Disney Adventure World,Frozen Ever After,15413,CLOSED,STANDBY,0,,,queue-times.com
2026-08-03T23:01:23Z,2026-08-04,1,1,Disney Adventure World,Raiponce Tangled Spin,15415,CLOSED,STANDBY,0,,,queue-times.com
